Workbook

Sheet Read_Me
A1: PROJECT & TASK MANAGEMENT TRACKER
A4: PROJECT OVERVIEW
A5: This project was created in Google Sheets to organize tasks, monitor deadlines, and track progress across multiple projects.
A8: BUSINESS PURPOSE
A9: The goal is to help a project coordinator or manager quickly identify completed work, tasks in progress, upcoming deadlines, and overdue tasks.
A12: TOOLS USED
A13: • Google Sheets
A14: • IF and COUNTIF formulas
A15: • COUNTA formula
A16: • Conditional formatting
A17: • Dashboard charts and KPI metrics
A20: KEY FEATURES
... A34: This is a practice portfolio project using fictional sample data. It was created to demonstrate spreadsheet and reporting skills.

Sheet Task_Tracker
A1: Task_ID | B1: Project_Name | C1: Task | D1: Assigned_To | E1: Priority | F1: Start_Date | G1: Due_Date | H1: Status | I1: Days_Remaining | J1: Task_ Alert
A2: T001 | B2: Website Launch | C2: Finalize project brief | D2: Alex | E2: High | F2: 46314 | G2: 46318 | H2: Complete | I2: =IF(H2="Complete","",G2-TODAY()) | J2: =IF(H2="Complete","Complete",IF(G2<TODAY(),"Overdue",IF(G2=TODAY(),"Due Today","On Track"))) -> Complete
A3: T002 | B3: Website Launch | C3: Approve homepage design | D3: Jordan | E3: High | F3: 46315 | G3: 46319 | H3: In Progress | I3: =IF(H3="Complete","",G3-TODAY()) -> -4 | J3: =IF(H3="Complete","Complete",IF(G3<TODAY(),"Overdue",IF(G3=TODAY(),"Due Today","On Track"))) -> Overdue
A4: T003 | B4: Website Launch | C4: Write website copy | D4: Taylor | E4: Medium | F4: 46315 | G4: 46323 | H4: In Progress | I4: =IF(H4="Complete","",G4-TODAY()) -> 0 | J4: =IF(H4="Complete","Complete",IF(G4<TODAY(),"Overdue",IF(G4=TODAY(),"Due Today","On Track"))) -> Due Today
A5: T004 | B5: Website Launch | C5: Review mobile layout | D5: Morgan | E5: Medium | F5: 46316 | G5: 46321 | H5: Not Started | I5: =IF(H5="Complete","",G5-TODAY()) -> -2 | J5: =IF(H5="Complete","Complete",IF(G5<TODAY(),"Overdue",IF(G5=TODAY(),"Due Today","On Track"))) -> Overdue
A6: T005 | B6: Website Launch | C6: Test website links | D6: Alex | E6: Low | F6: 46317 | G6: 46324 | H6: Not Started | I6: =IF(H6="Complete","",G6-TODAY()) -> 1 | J6: =IF(H6="Complete","Complete",IF(G6<TODAY(),"Overdue",IF(G6=TODAY(),"Due Today","On Track"))) -> On Track
A7: T006 | B7: Training Program | C7: Prepare training materials | D7: Jordan | E7: High | F7: 46314 | G7: 46317 | H7: Complete | I7: =IF(H7="Complete","",G7-TODAY()) | J7: =IF(H7="Complete","Complete",IF(G7<TODAY(),"Overdue",IF(G7=TODAY(),"Due Today","On Track"))) -> Complete
A8: T007 | B8: Training Program | C8: Schedule training sessions | D8: Taylor | E8: High | F8: 46315 | G8: 46318 | H8: In Progress | I8: =IF(H8="Complete","",G8-TODAY()) -> -5 | J8: =IF(H8="Complete","Complete",IF(G8<TODAY(),"Overdue",IF(G8=TODAY(),"Due Today","On Track"))) -> Overdue
A9: T008 | B9: Training Program | C9: Confirm attendee list | D9: Morgan | E9: Medium | F9: 46315 | G9: 46317 | H9: Not Started | I9: =IF(H9="Complete","",G9-TODAY()) -> -6 | J9: =IF(H9="Complete","Complete",IF(G9<TODAY(),"Overdue",IF(G9=TODAY(),"Due Today","On Track"))) -> Overdue
A10: T009 | B10: Training Program | C10: Send reminder emails | D10: Alex | E10: Low | F10: 46316 | G10: 46322 | H10: Not Started | I10: =IF(H10="Complete","",G10-TODAY()) -> -1 | J10: =IF(H10="Complete","Complete",IF(G10<TODAY(),"Overdue",IF(G10=TODAY(),"Due Today","On Track"))) -> Overdue
A11: T010 | B11: Training Program | C11: Collect feedback forms | D11: Taylor | E11: Medium | F11: 46317 | G11: 46325 | H11: Not Started | I11: =IF(H11="Complete","",G11-TODAY()) -> 2 | J11: =IF(H11="Complete","Complete",IF(G11<TODAY(),"Overdue",IF(G11=TODAY(),"Due Today","On Track"))) -> On Track
A12: T011 | B12: Client Event | C12: Confirm venue booking | D12: Morgan | E12: High | F12: 46314 | G12: 46316 | H12: In Progress | I12: =IF(H12="Complete","",G12-TODAY()) -> -7 | J12: =IF(H12="Complete","Complete",IF(G12<TODAY(),"Overdue",IF(G12=TODAY(),"Due Today","On Track"))) -> Overdue
A13: T012 | B13: Client Event | C13: Finalize catering order | D13: Alex | E13: High | F13: 46315 | G13: 46317 | H13: Not Started | I13: =IF(H13="Complete","",G13-TODAY()) -> -6 | J13: =IF(H13="Complete","Complete",IF(G13<TODAY(),"Overdue",IF(G13=TODAY(),"Due Today","On Track"))) -> Overdue
... A16: T015 | B16: Client Event | C16: Send post-event survey | D16: Morgan | E16: Low | F16: 46317 | G16: 46326 | H16: Not Started | I16: =IF(H16="Complete","",G16-TODAY()) -> 3 | J16: =IF(H16="Complete","Complete",IF(G16<TODAY(),"Overdue",IF(G16=TODAY(),"Due Today","On Track"))) -> On Track

Sheet Dashboard
A1: Project & Task Management Dashboard
A3: Total Tasks | B3: =COUNTA(Task_Tracker!A2:A16) -> 15 | D3: Task Status | E3: Number of Tasks
A4: Completed Tasks | B4: =COUNTIF(Task_Tracker!H2:H16,"Complete") -> 3 | D4: Complete | E4: =COUNTIF(Task_Tracker!H2:H16,D4) -> 3
A5: In Progress Tasks | B5: =COUNTIF(Task_Tracker!H2:H16,"In Progress") -> 4 | D5: In Progress | E5: =COUNTIF(Task_Tracker!H2:H16,D5) -> 4
A6: Overdue Tasks | B6: =COUNTIF(Task_Tracker!J2:J16,"Overdue") -> 8 | D6: Not Started | E6: =COUNTIF(Task_Tracker!H2:H16,D6) -> 8
A7: Completion Rate | B7: =IFERROR(B4/B3,0) -> 0.2
